"","CBSA.Code","CBSA.Title","Eligibles","Enrolled","Penetration","bins"
"1","10100","Aberdeen, SD",7704,702,0.091,0.1
"2","10140","Aberdeen, WA",16612,1110,0.067,0.1
"3","10180","Abilene, TX",28336,5303,0.187,0.2
"4","10220","Ada, OK",7402,504,0.068,0.1
"5","10260","Adjuntas, PR",3496,2370,0.678,0.7
"6","10300","Adrian, MI",20623,5419,0.263,0.3
"7","10380","Aguadilla-Isabela, PR",72169,54603,0.757,0.8
"8","10420","Akron, OH",128573,61714,0.48,0.5
"9","10460","Alamogordo, NM",11455,2036,0.178,0.2
"10","10500","Albany, GA",26594,6901,0.259,0.3
"11","10540","Albany, OR",24810,12427,0.501,0.6
"12","10580","Albany-Schenectady-Troy, NY",160744,65090,0.405,0.5
"13","10620","Albemarle, NC",12793,3060,0.239,0.3
"14","10660","Albert Lea, MN",7435,3889,0.523,0.6
"15","10700","Albertville, AL",19291,2162,0.112,0.2
"16","10740","Albuquerque, NM",149730,72488,0.484,0.5
"17","10780","Alexandria, LA",29926,4055,0.136,0.2
"18","10820","Alexandria, MN",9241,5619,0.608,0.7
"19","10860","Alice, TX",7158,2813,0.393,0.4
"20","10900","Allentown-Bethlehem-Easton, PA-NJ",161606,41343,0.256,0.3
"21","10940","Alma, MI",8007,1824,0.228,0.3
"22","10980","Alpena, MI",8225,1367,0.166,0.2
"23","11020","Altoona, PA",29155,14497,0.497,0.5
"24","11060","Altus, OK",4130,138,0.033,0.1
"25","11100","Amarillo, TX",38206,6999,0.183,0.2
"26","11140","Americus, GA",6503,2046,0.315,0.4
"27","11180","Ames, IA",11405,1213,0.106,0.2
"28","11220","Amsterdam, NY",11564,4314,0.373,0.4
"29","11260","Anchorage, AK",42434,196,0.005,0.1
"30","11380","Andrews, TX",1989,341,0.171,0.2
"31","11420","Angola, IN",6879,2746,0.399,0.4
"32","11460","Ann Arbor, MI",50198,13389,0.267,0.3
"33","11500","Anniston-Oxford-Jacksonville, AL",25657,3645,0.142,0.2
"34","11540","Appleton, WI",35343,20481,0.579,0.6
"35","11580","Arcadia, FL",6298,1389,0.221,0.3
"36","11620","Ardmore, OK",9640,706,0.073,0.1
"37","11640","Arecibo, PR",46687,35144,0.753,0.8
"38","11660","Arkadelphia, AR",4405,822,0.187,0.2
"39","11680","Arkansas City-Winfield, KS",7103,687,0.097,0.1
"40","11700","Asheville, NC",103277,25729,0.249,0.3
"41","11740","Ashland, OH",10319,3937,0.382,0.4
"42","11780","Ashtabula, OH",21461,5488,0.256,0.3
"43","11820","Astoria, OR",8381,1880,0.224,0.3
"44","11860","Atchison, KS",3007,168,0.056,0.1
"45","11900","Athens, OH",9378,3262,0.348,0.4
"46","11940","Athens, TN",12113,3533,0.292,0.3
"47","11980","Athens, TX",18887,4432,0.235,0.3
"48","12020","Athens-Clarke County, GA",28212,7120,0.252,0.3
"49","12060","Atlanta-Sandy Springs-Roswell, GA",695289,223446,0.321,0.4
"50","12100","Atlantic City-Hammonton, NJ",50698,4724,0.093,0.1
"51","12140","Auburn, IN",7783,3392,0.436,0.5
"52","12180","Auburn, NY",15068,3868,0.257,0.3
"53","12220","Auburn-Opelika, AL",19683,2637,0.134,0.2
"54","12260","Augusta-Richmond County, GA-SC",99394,27173,0.273,0.3
"55","12300","Augusta-Waterville, ME",29143,7600,0.261,0.3
"56","12380","Austin, MN",8124,2840,0.35,0.4
"57","12420","Austin-Round Rock, TX",206997,51034,0.247,0.3
"58","12460","Bainbridge, GA",5243,1358,0.259,0.3
"59","12540","Bakersfield, CA",103349,36410,0.352,0.4
"60","12580","Baltimore-Columbia-Towson, MD",442072,39873,0.09,0.1
"61","12620","Bangor, ME",33265,6871,0.207,0.3
"62","12660","Baraboo, WI",12239,4286,0.35,0.4
"63","12680","Bardstown, KY",8320,1651,0.198,0.2
"64","12700","Barnstable Town, MA",68100,7031,0.103,0.2
"65","12740","Barre, VT",12177,854,0.07,0.1
"66","12780","Bartlesville, OK",11193,884,0.079,0.1
"67","12820","Bastrop, LA",6054,1229,0.203,0.3
"68","12860","Batavia, NY",12008,6601,0.55,0.6
"69","12900","Batesville, AR",8085,820,0.101,0.2
"70","12940","Baton Rouge, LA",121616,53378,0.439,0.5
"71","12980","Battle Creek, MI",28666,5358,0.187,0.2
"72","13020","Bay City, MI",24274,6418,0.264,0.3
"73","13060","Bay City, TX",6439,1414,0.22,0.3
"74","13100","Beatrice, NE",5238,362,0.069,0.1
"75","13140","Beaumont-Port Arthur, TX",69444,22691,0.327,0.4
"76","13180","Beaver Dam, WI",15700,4844,0.309,0.4
"77","13220","Beckley, WV",29511,7093,0.24,0.3
"78","13260","Bedford, IN",9811,1547,0.158,0.2
"79","13300","Beeville, TX",4283,1378,0.322,0.4
"80","13340","Bellefontaine, OH",8915,2543,0.285,0.3
"81","13380","Bellingham, WA",37553,12973,0.345,0.4
"82","13420","Bemidji, MN",7672,3149,0.41,0.5
"83","13460","Bend-Redmond, OR",35038,10415,0.297,0.3
"84","13500","Bennettsville, SC",5902,1110,0.188,0.2
"85","13540","Bennington, VT",8966,633,0.071,0.1
"86","13620","Berlin, NH-VT",10974,369,0.034,0.1
"87","13660","Big Rapids, MI",8638,2923,0.338,0.4
"88","13700","Big Spring, TX",5299,811,0.153,0.2
"89","13720","Big Stone Gap, VA",15946,5220,0.327,0.4
"90","13740","Billings, MT",29420,5979,0.203,0.3
"91","13780","Binghamton, NY",52860,18451,0.349,0.4
"92","13820","Birmingham-Hoover, AL",210331,84426,0.401,0.5
"93","13900","Bismarck, ND",20278,4148,0.205,0.3
"94","13940","Blackfoot, ID",6968,1511,0.217,0.3
"95","13980","Blacksburg-Christiansburg-Radford, VA",31149,5059,0.162,0.2
"96","14010","Bloomington, IL",26161,6912,0.264,0.3
"97","14020","Bloomington, IN",23081,3918,0.17,0.2
"98","14100","Bloomsburg-Berwick, PA",17604,7399,0.42,0.5
"99","14140","Bluefield, WV-VA",27420,7149,0.261,0.3
"100","14180","Blytheville, AR",8481,1540,0.182,0.2
"101","14220","Bogalusa, LA",9923,2385,0.24,0.3
"102","14260","Boise City, ID",99141,46091,0.465,0.5
"103","14340","Boone, IA",5290,639,0.121,0.2
"104","14380","Boone, NC",8177,2164,0.265,0.3
"105","14420","Borger, TX",3756,527,0.14,0.2
"106","14460","Boston-Cambridge-Newton, MA-NH",776916,139792,0.18,0.2
"107","14500","Boulder, CO",41584,15198,0.365,0.4
"108","14540","Bowling Green, KY",27566,6051,0.22,0.3
"109","14580","Bozeman, MT",12103,2269,0.187,0.2
"110","14620","Bradford, PA",9775,1972,0.202,0.3
"111","14660","Brainerd, MN",23847,12582,0.528,0.6
"112","14700","Branson, MO",21204,6905,0.326,0.4
"113","14720","Breckenridge, CO",2778,260,0.094,0.1
"114","14740","Bremerton-Silverdale, WA",46134,9112,0.198,0.2
"115","14780","Brenham, TX",7333,1190,0.162,0.2
"116","14820","Brevard, NC",9291,2245,0.242,0.3
"117","14860","Bridgeport-Stamford-Norwalk, CT",144598,30870,0.213,0.3
"118","15020","Brookhaven, MS",7068,748,0.106,0.2
"119","15060","Brookings, OR",7784,786,0.101,0.2
"120","15100","Brookings, SD",3886,614,0.158,0.2
"121","15180","Brownsville-Harlingen, TX",54505,19146,0.351,0.4
"122","15220","Brownwood, TX",8471,1427,0.168,0.2
"123","15260","Brunswick, GA",22019,5282,0.24,0.3
"124","15340","Bucyrus, OH",10019,2838,0.283,0.3
"125","15380","Buffalo-Cheektowaga-Niagara Falls, NY",230933,128131,0.555,0.6
"126","15420","Burley, ID",6877,1591,0.231,0.3
"127","15460","Burlington, IA-IL",10557,854,0.081,0.1
"128","15500","Burlington, NC",29142,14872,0.51,0.6
"129","15540","Burlington-South Burlington, VT",35469,2832,0.08,0.1
"130","15580","Butte-Silver Bow, MT",7123,1028,0.144,0.2
"131","15620","Cadillac, MI",10670,2483,0.233,0.3
"132","15660","Calhoun, GA",9231,1761,0.191,0.2
"133","15680","California-Lexington Park, MD",14073,166,0.012,0.1
"134","15700","Cambridge, MD",7426,100,0.013,0.1
"135","15740","Cambridge, OH",8730,2664,0.305,0.4
"136","15780","Camden, AR",7241,1664,0.23,0.3
"137","15820","Campbellsville, KY",5847,1119,0.191,0.2
"138","15860","Cañon City, CO",10727,3066,0.286,0.3
"139","15900","Canton, IL",7737,1973,0.255,0.3
"140","15940","Canton-Massillon, OH",84111,41108,0.489,0.5
"141","15980","Cape Coral-Fort Myers, FL",156787,47663,0.304,0.4
"142","16020","Cape Girardeau, MO-IL",18617,1575,0.085,0.1
"143","16060","Carbondale-Marion, IL",22888,4003,0.175,0.2
"144","16100","Carlsbad-Artesia, NM",9349,679,0.073,0.1
"145","16180","Carson City, NV",11895,922,0.078,0.1
"146","16220","Casper, WY",12253,499,0.041,0.1
"147","16260","Cedar City, UT",6423,1651,0.257,0.3
"148","16300","Cedar Rapids, IA",44711,11074,0.248,0.3
"149","16340","Cedartown, GA",8083,2068,0.256,0.3
"150","16380","Celina, OH",7698,2098,0.273,0.3
"151","16460","Centralia, IL",8989,889,0.099,0.1
"152","16500","Centralia, WA",18012,5356,0.297,0.3
"153","16540","Chambersburg-Waynesboro, PA",32177,7335,0.228,0.3
"154","16580","Champaign-Urbana, IL",31784,12889,0.406,0.5
"155","16620","Charleston, WV",51929,16074,0.31,0.4
"156","16660","Charleston-Mattoon, IL",11193,2264,0.202,0.3
"157","16700","Charleston-North Charleston, SC",112770,20608,0.183,0.2
"158","16740","Charlotte-Concord-Gastonia, NC-SC",346379,98224,0.284,0.3
"159","16820","Charlottesville, VA",38801,3801,0.098,0.1
"160","16860","Chattanooga, TN-GA",104438,32727,0.313,0.4
"161","16940","Cheyenne, WY",16099,526,0.033,0.1
"162","16980","Chicago-Naperville-Elgin, IL-IN-WI",1377000,231613,0.168,0.2
"163","17020","Chico, CA",46290,636,0.014,0.1
"164","17060","Chillicothe, OH",14735,5317,0.361,0.4
"165","17140","Cincinnati, OH-KY-IN",349456,133954,0.383,0.4
"166","17200","Claremont-Lebanon, NH-VT",48105,2764,0.057,0.1
"167","17220","Clarksburg, WV",20468,4770,0.233,0.3
"168","17260","Clarksdale, MS",4857,269,0.055,0.1
"169","17300","Clarksville, TN-KY",34588,7229,0.209,0.3
"170","17340","Clearlake, CA",16184,654,0.04,0.1
"171","17380","Cleveland, MS",6761,499,0.074,0.1
"172","17420","Cleveland, TN",24681,8374,0.339,0.4
"173","17460","Cleveland-Elyria, OH",393484,150079,0.381,0.4
"174","17500","Clewiston, FL",5057,1142,0.226,0.3
"175","17540","Clinton, IA",10154,1413,0.139,0.2
"176","17580","Clovis, NM",6953,695,0.1,0.1
"177","17620","Coamo, PR",7190,5237,0.728,0.8
"178","17640","Coco, PR",5836,4185,0.717,0.8
"179","17660","Coeur d'Alene, ID",30001,8784,0.293,0.3
"180","17700","Coffeyville, KS",7383,443,0.06,0.1
"181","17740","Coldwater, MI",8833,1732,0.196,0.2
"182","17780","College Station-Bryan, TX",26406,4704,0.178,0.2
"183","17820","Colorado Springs, CO",93007,27158,0.292,0.3
"184","17860","Columbia, MO",22167,3015,0.136,0.2
"185","17900","Columbia, SC",125023,24326,0.195,0.2
"186","17980","Columbus, GA-AL",49364,13035,0.264,0.3
"187","18020","Columbus, IN",14160,2422,0.171,0.2
"188","18060","Columbus, MS",10984,1009,0.092,0.1
"189","18100","Columbus, NE",5824,263,0.045,0.1
"190","18140","Columbus, OH",284025,122047,0.43,0.5
"191","18180","Concord, NH",29113,2105,0.072,0.1
"192","18220","Connersville, IN",5793,807,0.139,0.2
"193","18260","Cookeville, TN",23262,4237,0.182,0.2
"194","18300","Coos Bay, OR",17641,1783,0.101,0.2
"195","18380","Cordele, GA",4137,1392,0.336,0.4
"196","18420","Corinth, MS",8796,231,0.026,0.1
"197","18460","Cornelia, GA",8677,2279,0.263,0.3
"198","18500","Corning, NY",20754,6372,0.307,0.4
"199","18580","Corpus Christi, TX",71719,32595,0.454,0.5
"200","18620","Corsicana, TX",9402,1672,0.178,0.2
"201","18660","Cortland, NY",8705,2010,0.231,0.3
"202","18700","Corvallis, OR",13478,6056,0.449,0.5
"203","18740","Coshocton, OH",7671,2089,0.272,0.3
"204","18780","Craig, CO",1919,135,0.07,0.1
"205","18820","Crawfordsville, IN",7363,1594,0.216,0.3
"206","18860","Crescent City, CA",5430,424,0.078,0.1
"207","18880","Crestview-Fort Walton Beach-Destin, FL",46284,6346,0.137,0.2
"208","18900","Crossville, TN",19204,3710,0.193,0.2
"209","18980","Cullman, AL",18179,3976,0.219,0.3
"210","19000","Cullowhee, NC",7580,1700,0.224,0.3
"211","19060","Cumberland, MD-WV",22832,1591,0.07,0.1
"212","19100","Dallas-Fort Worth-Arlington, TX",803515,241995,0.301,0.4
"213","19140","Dalton, GA",22482,3293,0.146,0.2
"214","19180","Danville, IL",17095,6057,0.354,0.4
"215","19220","Danville, KY",11899,2770,0.233,0.3
"216","19260","Danville, VA",25988,4259,0.164,0.2
"217","19300","Daphne-Fairhope-Foley, AL",42730,13573,0.318,0.4
"218","19340","Davenport-Moline-Rock Island, IA-IL",72235,14762,0.204,0.3
"219","19380","Dayton, OH",151580,65862,0.435,0.5
"220","19420","Dayton, TN",7063,1653,0.234,0.3
"221","19460","Decatur, AL",31252,3619,0.116,0.2
"222","19500","Decatur, IL",22992,3628,0.158,0.2
"223","19540","Decatur, IN",5485,1993,0.363,0.4
"224","19580","Defiance, OH",7906,1761,0.223,0.3
"225","19620","Del Rio, TX",7841,1677,0.214,0.3
"226","19660","Deltona-Daytona Beach-Ormond Beach, FL",155663,66682,0.428,0.5
"227","19700","Deming, NM",6268,1922,0.307,0.4
"228","19740","Denver-Aurora-Lakewood, CO",353420,169339,0.479,0.5
"229","19760","DeRidder, LA",6350,588,0.093,0.1
"230","19780","Des Moines-West Des Moines, IA",86980,15198,0.175,0.2
"231","19820","Detroit-Warren-Dearborn, MI",765516,233345,0.305,0.4
"232","19860","Dickinson, ND",4223,492,0.117,0.2
"233","19940","Dixon, IL",7347,1057,0.144,0.2
"234","19980","Dodge City, KS",3893,83,0.021,0.1
"235","20020","Dothan, AL",32297,4395,0.136,0.2
"236","20060","Douglas, GA",6632,1758,0.265,0.3
"237","20100","Dover, DE",30823,2067,0.067,0.1
"238","20140","Dublin, GA",11617,3216,0.277,0.3
"239","20180","DuBois, PA",18364,6937,0.378,0.4
"240","20220","Dubuque, IA",17999,7442,0.413,0.5
"241","20260","Duluth, MN-WI",57941,26656,0.46,0.5
"242","20300","Dumas, TX",2374,281,0.118,0.2
"243","20340","Duncan, OK",9531,953,0.1,0.1
"244","20380","Dunn, NC",17227,3348,0.194,0.2
"245","20420","Durango, CO",8366,882,0.105,0.2
"246","20460","Durant, OK",8287,513,0.062,0.1
"247","20500","Durham-Chapel Hill, NC",79446,24440,0.308,0.4
"248","20540","Dyersburg, TN",8144,1054,0.129,0.2
"249","20580","Eagle Pass, TX",8893,2515,0.283,0.3
"250","20660","Easton, MD",10229,259,0.025,0.1
"251","20700","East Stroudsburg, PA",29337,5107,0.174,0.2
"252","20740","Eau Claire, WI",29403,8169,0.278,0.3
"253","20780","Edwards, CO",4274,297,0.069,0.1
"254","20820","Effingham, IL",6665,599,0.09,0.1
"255","20900","El Campo, TX",7385,1232,0.167,0.2
"256","20940","El Centro, CA",26805,3002,0.112,0.2
"257","20980","El Dorado, AR",9460,1276,0.135,0.2
"258","21020","Elizabeth City, NC",12763,1494,0.117,0.2
"259","21060","Elizabethtown-Fort Knox, KY",24535,3854,0.157,0.2
"260","21120","Elk City, OK",3498,163,0.047,0.1
"261","21140","Elkhart-Goshen, IN",31131,8316,0.267,0.3
"262","21180","Elkins, WV",6874,1402,0.204,0.3
"263","21220","Elko, NV",5776,84,0.015,0.1
"264","21260","Ellensburg, WA",6989,439,0.063,0.1
"265","21300","Elmira, NY",18878,5924,0.314,0.4
"266","21340","El Paso, TX",112883,52474,0.465,0.5
"267","21380","Emporia, KS",5519,289,0.052,0.1
"268","21420","Enid, OK",11288,621,0.055,0.1
"269","21460","Enterprise, AL",9774,851,0.087,0.1
"270","21500","Erie, PA",54034,24060,0.445,0.5
"271","21540","Escanaba, MI",9816,2413,0.246,0.3
"272","21580","Española, NM",8170,2120,0.259,0.3
"273","21660","Eugene, OR",72603,35578,0.49,0.5
"274","21700","Eureka-Arcata-Fortuna, CA",25639,795,0.031,0.1
"275","21740","Evanston, WY",2673,269,0.101,0.2
"276","21780","Evansville, IN-KY",59394,15074,0.254,0.3
"277","21820","Fairbanks, AK",9141,34,0.004,0.1
"278","21840","Fairfield, IA",3523,421,0.12,0.2
"279","21900","Fairmont, WV",12685,3403,0.268,0.3
"280","21980","Fallon, NV",4993,394,0.079,0.1
"281","22020","Fargo, ND-MN",29168,7722,0.265,0.3
"282","22060","Faribault-Northfield, MN",10212,5685,0.557,0.6
"283","22100","Farmington, MO",13909,1766,0.127,0.2
"284","22140","Farmington, NM",17965,686,0.038,0.1
"285","22180","Fayetteville, NC",50775,11780,0.232,0.3
"286","22220","Fayetteville-Springdale-Rogers, AR-MO",72889,19414,0.266,0.3
"287","22260","Fergus Falls, MN",14191,8123,0.572,0.6
"288","22280","Fernley, NV",11940,2411,0.202,0.3
"289","22300","Findlay, OH",13466,3706,0.275,0.3
"290","22340","Fitzgerald, GA",3520,1022,0.29,0.3
"291","22380","Flagstaff, AZ",16766,1890,0.113,0.2
"292","22420","Flint, MI",83312,27829,0.334,0.4
"293","22500","Florence, SC",40193,5350,0.133,0.2
"294","22520","Florence-Muscle Shoals, AL",33475,3827,0.114,0.2
"295","22540","Fond du Lac, WI",19198,8731,0.455,0.5
"296","22580","Forest City, NC",15488,3022,0.195,0.2
"297","22620","Forrest City, AR",4820,1009,0.209,0.3
"298","22660","Fort Collins, CO",49618,13339,0.269,0.3
"299","22700","Fort Dodge, IA",7645,562,0.074,0.1
"300","22780","Fort Leonard Wood, MO",5479,575,0.105,0.2
"301","22800","Fort Madison-Keokuk, IA-IL-MO",13956,1378,0.099,0.1
"302","22820","Fort Morgan, CO",4553,380,0.083,0.1
"303","22860","Fort Polk South, LA",6861,457,0.067,0.1
"304","22900","Fort Smith, AR-OK",55480,14157,0.255,0.3
"305","23060","Fort Wayne, IN",69783,29833,0.428,0.5
"306","23140","Frankfort, IN",5991,938,0.157,0.2
"307","23180","Frankfort, KY",16125,5714,0.354,0.4
"308","23240","Fredericksburg, TX",7288,1165,0.16,0.2
"309","23300","Freeport, IL",10692,3592,0.336,0.4
"310","23340","Fremont, NE",7702,801,0.104,0.2
"311","23380","Fremont, OH",12118,3294,0.272,0.3
"312","23420","Fresno, CA",123203,34866,0.283,0.3
"313","23460","Gadsden, AL",24147,5815,0.241,0.3
"314","23500","Gaffney, SC",11525,3461,0.3,0.3
"315","23540","Gainesville, FL",40507,6645,0.164,0.2
"316","23580","Gainesville, GA",29639,7809,0.263,0.3
"317","23620","Gainesville, TX",7291,1295,0.178,0.2
"318","23660","Galesburg, IL",11766,3392,0.288,0.3
"319","23700","Gallup, NM",9569,604,0.063,0.1
"320","23780","Garden City, KS",4688,113,0.024,0.1
"321","23820","Gardnerville Ranchos, NV",12531,1014,0.081,0.1
"322","23860","Georgetown, SC",16882,2982,0.177,0.2
"323","23900","Gettysburg, PA",21106,6253,0.296,0.3
"324","23940","Gillette, WY",4120,13,0.003,0.1
"325","23980","Glasgow, KY",11573,2652,0.229,0.3
"326","24020","Glens Falls, NY",28227,10506,0.372,0.4
"327","24060","Glenwood Springs, CO",9104,827,0.091,0.1
"328","24100","Gloversville, NY",11971,5061,0.423,0.5
"329","24140","Goldsboro, NC",21982,3890,0.177,0.2
"330","24220","Grand Forks, ND-MN",15283,4140,0.271,0.3
"331","24260","Grand Island, NE",14512,1061,0.073,0.1
"332","24300","Grand Junction, CO",28163,10317,0.366,0.4
"333","24340","Grand Rapids-Wyoming, MI",162311,78692,0.485,0.5
"334","24380","Grants, NM",4414,673,0.152,0.2
"335","24420","Grants Pass, OR",23702,9083,0.383,0.4
"336","24460","Great Bend, KS",5333,69,0.013,0.1
"337","24500","Great Falls, MT",16265,3700,0.227,0.3
"338","24540","Greeley, CO",34531,10364,0.3,0.3
"339","24580","Green Bay, WI",52056,24948,0.479,0.5
"340","24620","Greeneville, TN",17813,7212,0.405,0.5
"341","24640","Greenfield Town, MA",15625,3064,0.196,0.2
"342","24660","Greensboro-High Point, NC",132193,65300,0.494,0.5
"343","24700","Greensburg, IN",4988,1088,0.218,0.3
"344","24740","Greenville, MS",9788,1287,0.131,0.2
"345","24780","Greenville, NC",24954,3529,0.141,0.2
"346","24820","Greenville, OH",10984,3052,0.278,0.3
"347","24860","Greenville-Anderson-Mauldin, SC",161398,48169,0.298,0.3
"348","24900","Greenwood, MS",8321,263,0.032,0.1
"349","24940","Greenwood, SC",20155,4802,0.238,0.3
"350","24980","Grenada, MS",5106,527,0.103,0.2
"351","25020","Guayama, PR",15553,12302,0.791,0.8
"352","25060","Gulfport-Biloxi-Pascagoula, MS",66470,12464,0.188,0.2
"353","25100","Guymon, OK",2483,144,0.058,0.1
"354","25180","Hagerstown-Martinsburg, MD-WV",45753,5915,0.129,0.2
"355","25200","Hailey, ID",4829,1069,0.221,0.3
"356","25220","Hammond, LA",19971,5636,0.282,0.3
"357","25260","Hanford-Corcoran, CA",15344,1800,0.117,0.2
"358","25300","Hannibal, MO",8438,733,0.087,0.1
"359","25420","Harrisburg-Carlisle, PA",104863,44883,0.428,0.5
"360","25460","Harrison, AR",11738,2624,0.224,0.3
"361","25500","Harrisonburg, VA",20395,2643,0.13,0.2
"362","25540","Hartford-West Hartford-East Hartford, CT",215660,58304,0.27,0.3
"363","25580","Hastings, NE",6264,261,0.042,0.1
"364","25620","Hattiesburg, MS",23166,3941,0.17,0.2
"365","25700","Hays, KS",4565,76,0.017,0.1
"366","25720","Heber, UT",2828,943,0.333,0.4
"367","25740","Helena, MT",14754,2567,0.174,0.2
"368","25760","Helena-West Helena, AR",4305,903,0.21,0.3
"369","25780","Henderson, NC",9777,2840,0.29,0.3
"370","25820","Hereford, TX",2651,421,0.159,0.2
"371","25840","Hermiston-Pendleton, OR",14509,1904,0.131,0.2
"372","25860","Hickory-Lenoir-Morganton, NC",76271,23098,0.303,0.4
"373","25880","Hillsdale, MI",9337,2284,0.245,0.3
"374","25900","Hilo, HI",36126,15272,0.423,0.5
"375","25940","Hilton Head Island-Bluffton-Beaufort, SC",45848,7613,0.166,0.2
"376","25980","Hinesville, GA",7007,1595,0.228,0.3
"377","26020","Hobbs, NM",8271,214,0.026,0.1
"378","26090","Holland, MI",19766,9184,0.465,0.5
"379","26140","Homosassa Springs, FL",51030,15251,0.299,0.3
"380","26220","Hood River, OR",3641,878,0.241,0.3
"381","26300","Hot Springs, AR",26092,5304,0.203,0.3
"382","26340","Houghton, MI",7720,1960,0.254,0.3
"383","26380","Houma-Thibodaux, LA",34812,6270,0.18,0.2
"384","26420","Houston-The Woodlands-Sugar Land, TX",704203,245393,0.348,0.4
"385","26460","Hudson, NY",14091,3949,0.28,0.3
"386","26500","Huntingdon, PA",9839,3459,0.352,0.4
"387","26540","Huntington, IN",7419,3312,0.446,0.5
"388","26580","Huntington-Ashland, WV-KY-OH",81594,21512,0.264,0.3
"389","26620","Huntsville, AL",71691,10736,0.15,0.2
"390","26660","Huntsville, TX",12585,3327,0.264,0.3
"391","26700","Huron, SD",3431,681,0.198,0.2
"392","26740","Hutchinson, KS",13170,830,0.063,0.1
"393","26780","Hutchinson, MN",6932,4201,0.606,0.7
"394","26820","Idaho Falls, ID",19535,4074,0.209,0.3
"395","26860","Indiana, PA",17462,10354,0.593,0.6
"396","26900","Indianapolis-Carmel-Anderson, IN",292314,72454,0.248,0.3
"397","26940","Indianola, MS",4582,264,0.058,0.1
"398","26960","Ionia, MI",10178,3236,0.318,0.4
"399","26980","Iowa City, IA",20571,2556,0.124,0.2
"400","27020","Iron Mountain, MI-WI",7694,1839,0.239,0.3
"401","27060","Ithaca, NY",14461,2923,0.202,0.3
"402","27100","Jackson, MI",31462,7427,0.236,0.3
"403","27140","Jackson, MS",93296,18697,0.2,0.2
"404","27160","Jackson, OH",6911,1714,0.248,0.3
"405","27180","Jackson, TN",24823,4107,0.165,0.2
"406","27220","Jackson, WY-ID",3863,209,0.054,0.1
"407","27260","Jacksonville, FL",233355,60214,0.258,0.3
"408","27300","Jacksonville, IL",8467,1460,0.172,0.2
"409","27340","Jacksonville, NC",19751,2333,0.118,0.2
"410","27380","Jacksonville, TX",9639,2393,0.248,0.3
"411","27420","Jamestown, ND",4417,1102,0.249,0.3
"412","27460","Jamestown-Dunkirk-Fredonia, NY",29179,13010,0.446,0.5
"413","27500","Janesville-Beloit, WI",29532,9063,0.307,0.4
"414","27540","Jasper, IN",10565,1181,0.112,0.2
"415","27580","Jayuya, PR",3193,2191,0.686,0.7
"416","27600","Jefferson, GA",10682,2929,0.274,0.3
"417","27620","Jefferson City, MO",26146,3058,0.117,0.2
"418","27700","Jesup, GA",5490,1420,0.259,0.3
"419","27740","Johnson City, TN",45051,19409,0.431,0.5
"420","27780","Johnstown, PA",34355,20886,0.608,0.7
"421","27860","Jonesboro, AR",22564,3475,0.154,0.2
"422","27900","Joplin, MO",32469,6911,0.213,0.3
"423","27920","Junction City, KS",3535,304,0.086,0.1
"424","27940","Juneau, AK",4116,0,0,0
"425","27980","Kahului-Wailuku-Lahaina, HI",24704,12030,0.487,0.5
"426","28020","Kalamazoo-Portage, MI",58170,18125,0.312,0.4
"427","28060","Kalispell, MT",19377,4231,0.218,0.3
"428","28100","Kankakee, IL",20242,2945,0.145,0.2
"429","28140","Kansas City, MO-KS",321936,91284,0.284,0.3
"430","28180","Kapaa, HI",12705,5078,0.4,0.4
"431","28260","Kearney, NE",8182,672,0.082,0.1
"432","28300","Keene, NH",16156,1173,0.073,0.1
"433","28340","Kendallville, IN",8182,3429,0.419,0.5
"434","28380","Kennett, MO",7522,833,0.111,0.2
"435","28420","Kennewick-Richland, WA",37366,4726,0.126,0.2
"436","28500","Kerrville, TX",14409,1982,0.138,0.2
"437","28540","Ketchikan, AK",2066,0,0,0
"438","28580","Key West, FL",15168,1367,0.09,0.1
"439","28620","Kill Devil Hills, NC",8027,756,0.094,0.1
"440","28660","Killeen-Temple, TX",52288,14267,0.273,0.3
"441","28700","Kingsport-Bristol-Bristol, TN-VA",79089,38937,0.492,0.5
"442","28740","Kingston, NY",36552,8173,0.224,0.3
"443","28780","Kingsville, TX",4715,1768,0.375,0.4
"444","28820","Kinston, NC",13222,1620,0.123,0.2
"445","28860","Kirksville, MO",5272,292,0.055,0.1
"446","28900","Klamath Falls, OR",15094,3271,0.217,0.3
"447","28940","Knoxville, TN",174188,70016,0.402,0.5
"448","29020","Kokomo, IN",18276,2210,0.121,0.2
"449","29060","Laconia, NH",15336,1128,0.074,0.1
"450","29100","La Crosse-Onalaska, WI-MN",24049,10386,0.432,0.5
"451","29180","Lafayette, LA",74433,7459,0.1,0.1
"452","29200","Lafayette-West Lafayette, IN",27455,4700,0.171,0.2
"453","29260","La Grande, OR",5535,556,0.1,0.1
"454","29300","LaGrange, GA",11634,3131,0.269,0.3
"455","29340","Lake Charles, LA",35036,4951,0.141,0.2
"456","29380","Lake City, FL",13690,2421,0.177,0.2
"457","29420","Lake Havasu City-Kingman, AZ",55653,14649,0.263,0.3
"458","29460","Lakeland-Winter Haven, FL",131072,58454,0.446,0.5
"459","29500","Lamesa, TX",2293,359,0.157,0.2
"460","29540","Lancaster, PA",98561,34733,0.352,0.4
"461","29620","Lansing-East Lansing, MI",76039,20032,0.263,0.3
"462","29660","Laramie, WY",4189,234,0.056,0.1
"463","29700","Laredo, TX",28188,4935,0.175,0.2
"464","29740","Las Cruces, NM",33884,10105,0.298,0.3
"465","29780","Las Vegas, NM",6264,1154,0.184,0.2
"466","29820","Las Vegas-Henderson-Paradise, NV",287374,107378,0.374,0.4
"467","29860","Laurel, MS",17286,2382,0.138,0.2
"468","29900","Laurinburg, NC",7920,1510,0.191,0.2
"469","29940","Lawrence, KS",14168,1658,0.117,0.2
"470","29980","Lawrenceburg, TN",9600,1693,0.176,0.2
"471","30020","Lawton, OK",18054,765,0.042,0.1
"472","30060","Lebanon, MO",7942,3267,0.411,0.5
"473","30140","Lebanon, PA",28374,10654,0.375,0.4
"474","30220","Levelland, TX",3672,830,0.226,0.3
"475","30260","Lewisburg, PA",7586,2701,0.356,0.4
"476","30280","Lewisburg, TN",5939,1731,0.291,0.3
"477","30300","Lewiston, ID-WA",14550,2925,0.201,0.3
"478","30340","Lewiston-Auburn, ME",22796,5533,0.243,0.3
"479","30380","Lewistown, PA",10989,4657,0.424,0.5
"480","30420","Lexington, NE",4375,578,0.132,0.2
"481","30460","Lexington-Fayette, KY",73936,22047,0.298,0.3
"482","30580","Liberal, KS",2338,21,0.009,0.1
"483","30620","Lima, OH",20428,5367,0.263,0.3
"484","30660","Lincoln, IL",5654,1356,0.24,0.3
"485","30700","Lincoln, NE",44887,3894,0.087,0.1
"486","30780","Little Rock-North Little Rock-Conway, AR",126053,19873,0.158,0.2
"487","30820","Lock Haven, PA",8091,3312,0.409,0.5
"488","30860","Logan, UT-ID",13367,4960,0.371,0.4
"489","30880","Logan, WV",8721,2472,0.283,0.3
"490","30900","Logansport, IN",7479,1334,0.178,0.2
"491","30940","London, KY",28571,5196,0.182,0.2
"492","30980","Longview, TX",38563,8587,0.223,0.3
"493","31020","Longview, WA",22880,10318,0.451,0.5
"494","31060","Los Alamos, NM",3038,203,0.067,0.1
"495","31080","Los Angeles-Long Beach-Anaheim, CA",1762457,801845,0.455,0.5
"496","31140","Louisville/Jefferson County, KY-IN",224732,58783,0.262,0.3
"497","31180","Lubbock, TX",42610,12498,0.293,0.3
"498","31220","Ludington, MI",7381,1793,0.243,0.3
"499","31260","Lufkin, TX",15938,3938,0.247,0.3
"500","31300","Lumberton, NC",22740,4674,0.206,0.3
"501","31340","Lynchburg, VA",54200,8001,0.148,0.2
"502","31380","Macomb, IL",5523,1373,0.249,0.3
"503","31420","Macon, GA",43325,13496,0.312,0.4
"504","31460","Madera, CA",21795,6915,0.317,0.4
"505","31500","Madison, IN",6750,802,0.119,0.2
"506","31540","Madison, WI",93314,20724,0.222,0.3
"507","31580","Madisonville, KY",10165,2201,0.217,0.3
"508","31620","Magnolia, AR",5109,629,0.123,0.2
"509","31660","Malone, NY",10251,2142,0.209,0.3
"510","31680","Malvern, AR",7231,1169,0.162,0.2
"511","31700","Manchester-Nashua, NH",68861,5406,0.079,0.1
"512","31740","Manhattan, KS",10105,677,0.067,0.1
"513","31820","Manitowoc, WI",17379,7065,0.407,0.5
"514","31860","Mankato-North Mankato, MN",14915,7226,0.484,0.5
"515","31900","Mansfield, OH",26222,6704,0.256,0.3
"516","31930","Marietta, OH",13712,2823,0.206,0.3
"517","31940","Marinette, WI-MI",16628,5463,0.329,0.4
"518","31980","Marion, IN",15256,2947,0.193,0.2
"519","32000","Marion, NC",10519,2830,0.269,0.3
"520","32020","Marion, OH",13153,4410,0.335,0.4
"521","32100","Marquette, MI",13491,3321,0.246,0.3
"522","32140","Marshall, MN",4433,1654,0.373,0.4
"523","32180","Marshall, MO",4631,750,0.162,0.2
"524","32220","Marshall, TX",11698,2409,0.206,0.3
"525","32260","Marshalltown, IA",8114,1018,0.125,0.2
"526","32280","Martin, TN",6976,837,0.12,0.2
"527","32300","Martinsville, VA",18666,4877,0.261,0.3
"528","32340","Maryville, MO",3560,164,0.046,0.1
"529","32380","Mason City, IA",11728,309,0.026,0.1
"530","32420","Mayagüez, PR",23554,18012,0.765,0.8
"531","32460","Mayfield, KY",8233,1939,0.236,0.3
"532","32500","Maysville, KY",3792,928,0.245,0.3
"533","32540","McAlester, OK",9602,629,0.066,0.1
"534","32580","McAllen-Edinburg-Mission, TX",88968,27713,0.311,0.4
"535","32620","McComb, MS",11317,1667,0.147,0.2
"536","32660","McMinnville, TN",8683,2068,0.238,0.3
"537","32700","McPherson, KS",5918,448,0.076,0.1
"538","32740","Meadville, PA",19829,5958,0.3,0.3
"539","32780","Medford, OR",48314,15307,0.317,0.4
"540","32820","Memphis, TN-MS-AR",200381,44387,0.222,0.3
"541","32860","Menomonie, WI",8220,2256,0.274,0.3
"542","32900","Merced, CA",32186,2502,0.078,0.1
"543","32940","Meridian, MS",20206,1847,0.091,0.1
"544","32980","Merrill, WI",6755,2540,0.376,0.4
"545","33020","Mexico, MO",5141,770,0.15,0.2
"546","33060","Miami, OK",7729,657,0.085,0.1
"547","33100","Miami-Fort Lauderdale-West Palm Beach, FL",978821,504018,0.515,0.6
"548","33140","Michigan City-La Porte, IN",21057,2346,0.111,0.2
"549","33180","Middlesborough, KY",6870,1258,0.183,0.2
"550","33220","Midland, MI",16194,4864,0.3,0.3
"551","33260","Midland, TX",18214,3012,0.165,0.2
"552","33300","Milledgeville, GA",10068,4181,0.415,0.5
"553","33340","Milwaukee-Waukesha-West Allis, WI",257549,89112,0.346,0.4
"554","33420","Mineral Wells, TX",5600,730,0.13,0.2
"555","33460","Minneapolis-St. Paul-Bloomington, MN-WI",491656,269221,0.548,0.6
"556","33500","Minot, ND",10701,1221,0.114,0.2
"557","33540","Missoula, MT",18413,2849,0.155,0.2
"558","33580","Mitchell, SD",5245,597,0.114,0.2
"559","33620","Moberly, MO",4946,753,0.152,0.2
"560","33660","Mobile, AL",76254,31380,0.412,0.5
"561","33700","Modesto, CA",76832,32172,0.419,0.5
"562","33740","Monroe, LA",30742,5766,0.188,0.2
"563","33780","Monroe, MI",28274,8338,0.295,0.3
"564","33860","Montgomery, AL",66243,18825,0.284,0.3
"565","33940","Montrose, CO",9367,2086,0.223,0.3
"566","33980","Morehead City, NC",16417,2435,0.148,0.2
"567","34020","Morgan City, LA",9932,1543,0.155,0.2
"568","34060","Morgantown, WV",19334,5418,0.28,0.3
"569","34100","Morristown, TN",26104,10414,0.399,0.4
"570","34140","Moscow, ID",5272,803,0.152,0.2
"571","34180","Moses Lake, WA",13831,2002,0.145,0.2
"572","34220","Moultrie, GA",8174,2145,0.262,0.3
"573","34260","Mountain Home, AR",14381,3781,0.263,0.3
"574","34300","Mountain Home, ID",3624,597,0.165,0.2
"575","34340","Mount Airy, NC",16498,8446,0.512,0.6
"576","34380","Mount Pleasant, MI",9629,2471,0.257,0.3
"577","34420","Mount Pleasant, TX",4734,899,0.19,0.2
"578","34460","Mount Sterling, KY",9769,2906,0.297,0.3
"579","34500","Mount Vernon, IL",7846,945,0.12,0.2
"580","34540","Mount Vernon, OH",11637,3851,0.331,0.4
"581","34580","Mount Vernon-Anacortes, WA",25511,7716,0.302,0.4
"582","34620","Muncie, IN",22726,3549,0.156,0.2
"583","34660","Murray, KY",7236,1790,0.247,0.3
"584","34700","Muscatine, IA",7581,1631,0.215,0.3
"585","34740","Muskegon, MI",35309,13439,0.381,0.4
"586","34780","Muskogee, OK",14564,1287,0.088,0.1
"587","34820","Myrtle Beach-Conway-North Myrtle Beach, SC-NC",104131,16877,0.162,0.2
"588","34860","Nacogdoches, TX",10176,1794,0.176,0.2
"589","34900","Napa, CA",26297,9827,0.374,0.4
"590","34940","Naples-Immokalee-Marco Island, FL",81356,15919,0.196,0.2
"591","34980","Nashville-Davidson--Murfreesboro--Franklin, TN",259295,97926,0.378,0.4
"592","35020","Natchez, MS-LA",10917,1370,0.125,0.2
"593","35060","Natchitoches, LA",7027,786,0.112,0.2
"594","35100","New Bern, NC",26539,2429,0.092,0.1
"595","35140","Newberry, SC",8157,1927,0.236,0.3
"596","35220","New Castle, IN",10597,2026,0.191,0.2
"597","35260","New Castle, PA",21428,12366,0.577,0.6
"598","35300","New Haven-Milford, CT",152022,41156,0.271,0.3
"599","35380","New Orleans-Metairie, LA",202421,100727,0.498,0.5
"600","35420","New Philadelphia-Dover, OH",18822,8077,0.429,0.5
"601","35440","Newport, OR",13397,2645,0.197,0.2
"602","35460","Newport, TN",9175,4027,0.439,0.5
"603","35500","Newton, IA",7562,935,0.124,0.2
"604","35580","New Ulm, MN",5722,2560,0.447,0.5
"605","35620","New York-Newark-Jersey City, NY-NJ-PA",3103069,834730,0.269,0.3
"606","35660","Niles-Benton Harbor, MI",33283,7831,0.235,0.3
"607","35700","Nogales, AZ",7946,3728,0.469,0.5
"608","35740","Norfolk, NE",8653,955,0.11,0.2
"609","35820","North Platte, NE",7442,1378,0.185,0.2
"610","35840","North Port-Sarasota-Bradenton, FL",201895,55308,0.274,0.3
"611","35860","North Vernon, IN",5459,1114,0.204,0.3
"612","35900","North Wilkesboro, NC",16711,6865,0.411,0.5
"613","35940","Norwalk, OH",11189,2451,0.219,0.3
"614","35980","Norwich-New London, CT",50038,8606,0.172,0.2
"615","36020","Oak Harbor, WA",18866,5359,0.284,0.3
"616","36100","Ocala, FL",99596,37205,0.374,0.4
"617","36140","Ocean City, NJ",25339,2631,0.104,0.2
"618","36220","Odessa, TX",17760,3161,0.178,0.2
"619","36260","Ogden-Clearfield, UT",73841,24530,0.332,0.4
"620","36300","Ogdensburg-Massena, NY",21979,4387,0.2,0.2
"621","36340","Oil City, PA",13320,4452,0.334,0.4
"622","36380","Okeechobee, FL",7535,2476,0.329,0.4
"623","36420","Oklahoma City, OK",198062,40726,0.206,0.3
"624","36460","Olean, NY",16894,7570,0.448,0.5
"625","36500","Olympia-Tumwater, WA",47476,15699,0.331,0.4
"626","36540","Omaha-Council Bluffs, NE-IA",130219,26265,0.202,0.3
"627","36580","Oneonta, NY",13082,2576,0.197,0.2
"628","36620","Ontario, OR-ID",10339,2255,0.218,0.3
"629","36660","Opelousas, LA",17453,1918,0.11,0.2
"630","36700","Orangeburg, SC",18545,5263,0.284,0.3
"631","36740","Orlando-Kissimmee-Sanford, FL",353249,139278,0.394,0.4
"632","36780","Oshkosh-Neenah, WI",28824,15038,0.522,0.6
"633","36820","Oskaloosa, IA",4261,484,0.114,0.2
"634","36830","Othello, WA",2279,311,0.136,0.2
"635","36840","Ottawa, KS",4913,319,0.065,0.1
"636","36860","Ottawa-Peru, IL",31017,3799,0.122,0.2
"637","36900","Ottumwa, IA",9107,813,0.089,0.1
"638","36940","Owatonna, MN",6570,3743,0.57,0.6
"639","36980","Owensboro, KY",24234,4724,0.195,0.2
"640","37020","Owosso, MI",14309,4281,0.299,0.3
"641","37060","Oxford, MS",6678,453,0.068,0.1
"642","37080","Oxford, NC",10237,2900,0.283,0.3
"643","37100","Oxnard-Thousand Oaks-Ventura, CA",127333,37716,0.296,0.3
"644","37120","Ozark, AL",9615,930,0.097,0.1
"645","37140","Paducah, KY-IL",22840,3960,0.173,0.2
"646","37220","Pahrump, NV",13513,6225,0.461,0.5
"647","37260","Palatka, FL",17493,4379,0.25,0.3
"648","37300","Palestine, TX",9406,2163,0.23,0.3
"649","37340","Palm Bay-Melbourne-Titusville, FL",134187,46494,0.346,0.4
"650","37420","Pampa, TX",4036,605,0.15,0.2
"651","37460","Panama City, FL",37159,6184,0.166,0.2
"652","37500","Paragould, AR",8948,1716,0.192,0.2
"653","37540","Paris, TN",8418,1270,0.151,0.2
"654","37580","Paris, TX",10817,952,0.088,0.1
"655","37620","Parkersburg-Vienna, WV",22279,4539,0.204,0.3
"656","37660","Parsons, KS",4819,322,0.067,0.1
"657","37740","Payson, AZ",14631,1718,0.117,0.2
"658","37780","Pecos, TX",2044,229,0.112,0.2
"659","37860","Pensacola-Ferry Pass-Brent, FL",89654,23013,0.257,0.3
"660","37900","Peoria, IL",70053,18072,0.258,0.3
"661","37940","Peru, IN",6493,1050,0.162,0.2
"662","37980","Philadelphia-Camden-Wilmington, PA-NJ-DE-MD",1021561,275073,0.269,0.3
"663","38060","Phoenix-Mesa-Scottsdale, AZ",638824,267398,0.419,0.5
"664","38100","Picayune, MS",12260,2639,0.215,0.3
"665","38180","Pierre, SD",3865,343,0.089,0.1
"666","38220","Pine Bluff, AR",18981,3843,0.202,0.3
"667","38240","Pinehurst-Southern Pines, NC",23362,5293,0.227,0.3
"668","38260","Pittsburg, KS",6923,349,0.05,0.1
"669","38300","Pittsburgh, PA",503185,313021,0.622,0.7
"670","38340","Pittsfield, MA",31651,1333,0.042,0.1
"671","38380","Plainview, TX",5225,1006,0.193,0.2
"672","38420","Platteville, WI",9703,3497,0.36,0.4
"673","38460","Plattsburgh, NY",16585,2816,0.17,0.2
"674","38500","Plymouth, IN",8546,2918,0.341,0.4
"675","38540","Pocatello, ID",12877,4238,0.329,0.4
"676","38580","Point Pleasant, WV-OH",12757,3016,0.236,0.3
"677","38620","Ponca City, OK",9912,886,0.089,0.1
"678","38660","Ponce, PR",69487,50679,0.729,0.8
"679","38700","Pontiac, IL",7206,1367,0.19,0.2
"680","38740","Poplar Bluff, MO",10322,1060,0.103,0.2
"681","38780","Portales, NM",2764,237,0.086,0.1
"682","38820","Port Angeles, WA",22431,1744,0.078,0.1
"683","38840","Port Clinton, OH",10174,3102,0.305,0.4
"684","38860","Portland-South Portland, ME",107640,24476,0.227,0.3
"685","38900","Portland-Vancouver-Hillsboro, OR-WA",352129,195161,0.554,0.6
"686","38920","Port Lavaca, TX",3858,428,0.111,0.2
"687","38940","Port St. Lucie, FL",105191,32038,0.305,0.4
"688","39020","Portsmouth, OH",16113,3537,0.22,0.3
"689","39060","Pottsville, PA",33913,9563,0.282,0.3
"690","39140","Prescott, AZ",65895,17362,0.263,0.3
"691","39220","Price, UT",3895,317,0.081,0.1
"692","39260","Prineville, OR",5742,1293,0.225,0.3
"693","39300","Providence-Warwick, RI-MA",309042,87996,0.285,0.3
"694","39340","Provo-Orem, UT",46848,17552,0.375,0.4
"695","39380","Pueblo, CO",33391,11179,0.335,0.4
"696","39420","Pullman, WA",5262,101,0.019,0.1
"697","39460","Punta Gorda, FL",56692,16994,0.3,0.3
"698","39500","Quincy, IL-MO",16264,1784,0.11,0.2
"699","39540","Racine, WI",35702,11853,0.332,0.4
"700","39580","Raleigh, NC",152115,43606,0.287,0.3
"701","39660","Rapid City, SD",27512,4672,0.17,0.2
"702","39700","Raymondville, TX",3258,1062,0.326,0.4
"703","39740","Reading, PA",76751,26133,0.34,0.4
"704","39780","Red Bluff, CA",14001,170,0.012,0.1
"705","39820","Redding, CA",43903,2329,0.053,0.1
"706","39860","Red Wing, MN",9265,5133,0.554,0.6
"707","39900","Reno, NV",73994,21334,0.288,0.3
"708","39940","Rexburg, ID",4804,986,0.205,0.3
"709","39980","Richmond, IN",15106,1687,0.112,0.2
"710","40060","Richmond, VA",201408,46883,0.233,0.3
"711","40080","Richmond-Berea, KY",18067,4918,0.272,0.3
"712","40100","Rio Grande City, TX",8674,1460,0.168,0.2
"713","40140","Riverside-San Bernardino-Ontario, CA",568475,315145,0.554,0.6
"714","40180","Riverton, WY",7509,571,0.076,0.1
"715","40220","Roanoke, VA",68673,13432,0.196,0.2
"716","40260","Roanoke Rapids, NC",18741,3208,0.171,0.2
"717","40300","Rochelle, IL",10001,2231,0.223,0.3
"718","40340","Rochester, MN",35334,14729,0.417,0.5
"719","40380","Rochester, NY",209222,128221,0.613,0.7
"720","40420","Rockford, IL",62822,16382,0.261,0.3
"721","40460","Rockingham, NC",10656,1340,0.126,0.2
"722","40540","Rock Springs, WY",5151,189,0.037,0.1
"723","40580","Rocky Mount, NC",30266,5138,0.17,0.2
"724","40620","Rolla, MO",8365,1013,0.121,0.2
"725","40660","Rome, GA",18709,4163,0.223,0.3
"726","40700","Roseburg, OR",29593,9314,0.315,0.4
"727","40740","Roswell, NM",11491,1470,0.128,0.2
"728","40780","Russellville, AR",16268,3158,0.194,0.2
"729","40820","Ruston, LA",6486,966,0.149,0.2
"730","40860","Rutland, VT",14847,939,0.063,0.1
"731","40900","Sacramento--Roseville--Arden-Arcade, CA",356207,153691,0.431,0.5
"732","40940","Safford, AZ",5137,1660,0.323,0.4
"733","40980","Saginaw, MI",42333,12485,0.295,0.3
"734","41060","St. Cloud, MN",29754,15655,0.526,0.6
"735","41100","St. George, UT",28844,8451,0.293,0.3
"736","41140","St. Joseph, MO-KS",22965,1653,0.072,0.1
"737","41180","St. Louis, MO-IL",489545,159823,0.326,0.4
"738","41220","St. Marys, GA",6949,1390,0.2,0.2
"739","41400","Salem, OH",22917,8297,0.362,0.4
"740","41420","Salem, OR",69839,39970,0.572,0.6
"741","41460","Salina, KS",11616,1170,0.101,0.2
"742","41500","Salinas, CA",56575,942,0.017,0.1
"743","41540","Salisbury, MD-DE",90474,3447,0.038,0.1
"744","41620","Salt Lake City, UT",127262,49877,0.392,0.4
"745","41660","San Angelo, TX",19869,3532,0.178,0.2
"746","41700","San Antonio-New Braunfels, TX",332651,122159,0.367,0.4
"747","41740","San Diego-Carlsbad, CA",455938,205433,0.451,0.5
"748","41760","Sandpoint, ID",9921,2775,0.28,0.3
"749","41780","Sandusky, OH",17139,3955,0.231,0.3
"750","41820","Sanford, NC",10771,2167,0.201,0.3
"751","41860","San Francisco-Oakland-Hayward, CA",690718,293463,0.425,0.5
"752","41900","San Germán, PR",29209,22239,0.761,0.8
"753","41940","San Jose-Sunnyvale-Santa Clara, CA",249614,90224,0.361,0.4
"754","41980","San Juan-Carolina-Caguas, PR",457162,335519,0.734,0.8
"755","42020","San Luis Obispo-Paso Robles-Arroyo Grande, CA",53539,5914,0.11,0.2
"756","42100","Santa Cruz-Watsonville, CA",41363,3461,0.084,0.1
"757","42140","Santa Fe, NM",30812,8986,0.292,0.3
"758","42180","Santa Isabel, PR",4067,3030,0.745,0.8
"759","42200","Santa Maria-Santa Barbara, CA",68576,9547,0.139,0.2
"760","42220","Santa Rosa, CA",91238,36089,0.396,0.4
"761","42300","Sault Ste. Marie, MI",7574,1623,0.214,0.3
"762","42340","Savannah, GA",54703,16755,0.306,0.4
"763","42380","Sayre, PA",14011,3588,0.256,0.3
"764","42420","Scottsbluff, NE",8083,848,0.105,0.2
"765","42460","Scottsboro, AL",12296,1702,0.138,0.2
"766","42540","Scranton--Wilkes-Barre--Hazleton, PA",125271,31389,0.251,0.3
"767","42620","Searcy, AR",15302,2191,0.143,0.2
"768","42660","Seattle-Tacoma-Bellevue, WA",510546,176315,0.345,0.4
"769","42680","Sebastian-Vero Beach, FL",42077,8964,0.213,0.3
"770","42700","Sebring, FL",29698,7963,0.268,0.3
"771","42740","Sedalia, MO",8126,1059,0.13,0.2
"772","42780","Selinsgrove, PA",7660,3404,0.444,0.5
"773","42820","Selma, AL",9582,1993,0.208,0.3
"774","42860","Seneca, SC",19265,4270,0.222,0.3
"775","42900","Seneca Falls, NY",7025,2960,0.421,0.5
"776","42940","Sevierville, TN",20250,8703,0.43,0.5
"777","42980","Seymour, IN",8324,2280,0.274,0.3
"778","43020","Shawano, WI",9931,5040,0.508,0.6
"779","43060","Shawnee, OK",13874,2372,0.171,0.2
"780","43100","Sheboygan, WI",21552,8571,0.398,0.4
"781","43140","Shelby, NC",21836,4855,0.222,0.3
"782","43180","Shelbyville, TN",8243,2275,0.276,0.3
"783","43220","Shelton, WA",14810,2708,0.183,0.2
"784","43260","Sheridan, WY",6138,276,0.045,0.1
"785","43300","Sherman-Denison, TX",24662,4434,0.18,0.2
"786","43320","Show Low, AZ",19528,3810,0.195,0.2
"787","43340","Shreveport-Bossier City, LA",78432,12939,0.165,0.2
"788","43380","Sidney, OH",8506,2587,0.304,0.4
"789","43420","Sierra Vista-Douglas, AZ",27450,8225,0.3,0.3
"790","43460","Sikeston, MO",9090,812,0.089,0.1
"791","43500","Silver City, NM",7760,1678,0.216,0.3
"792","43580","Sioux City, IA-NE-SD",28670,5971,0.208,0.3
"793","43620","Sioux Falls, SD",37695,7564,0.201,0.3
"794","43660","Snyder, TX",2769,442,0.16,0.2
"795","43700","Somerset, KY",15679,3994,0.255,0.3
"796","43740","Somerset, PA",18061,10354,0.573,0.6
"797","43760","Sonora, CA",14299,522,0.037,0.1
"798","43780","South Bend-Mishawaka, IN-MI",56179,16042,0.286,0.3
"799","43900","Spartanburg, SC",64131,22130,0.345,0.4
"800","43940","Spearfish, SD",5082,947,0.186,0.2
"801","43980","Spencer, IA",3670,0,0,0
"802","44020","Spirit Lake, IA",4521,201,0.044,0.1
"803","44060","Spokane-Spokane Valley, WA",101603,31507,0.31,0.4
"804","44100","Springfield, IL",38966,12902,0.331,0.4
"805","44140","Springfield, MA",121066,31934,0.264,0.3
"806","44180","Springfield, MO",83944,34974,0.417,0.5
"807","44220","Springfield, OH",28605,13538,0.473,0.5
"808","44260","Starkville, MS",6215,526,0.085,0.1
"809","44300","State College, PA",21526,9933,0.461,0.5
"810","44340","Statesboro, GA",8949,2039,0.228,0.3
"811","44420","Staunton-Waynesboro, VA",26627,3196,0.12,0.2
"812","44460","Steamboat Springs, CO",2959,228,0.077,0.1
"813","44500","Stephenville, TX",5826,1120,0.192,0.2
"814","44540","Sterling, CO",3833,433,0.113,0.2
"815","44580","Sterling, IL",12860,1923,0.15,0.2
"816","44620","Stevens Point, WI",11952,4556,0.381,0.4
"817","44660","Stillwater, OK",10623,373,0.035,0.1
"818","44700","Stockton-Lodi, CA",97097,33513,0.345,0.4
"819","44740","Storm Lake, IA",3307,159,0.048,0.1
"820","44780","Sturgis, MI",12074,2686,0.222,0.3
"821","44860","Sulphur Springs, TX",7017,814,0.116,0.2
"822","44900","Summerville, GA",5423,1580,0.291,0.3
"823","44920","Summit Park, UT",4284,1312,0.306,0.4
"824","44940","Sumter, SC",19444,3155,0.162,0.2
"825","44980","Sunbury, PA",21740,7375,0.339,0.4
"826","45000","Susanville, CA",4606,69,0.015,0.1
"827","45020","Sweetwater, TX",2981,486,0.163,0.2
"828","45060","Syracuse, NY",122638,40543,0.331,0.4
"829","45140","Tahlequah, OK",8468,700,0.083,0.1
"830","45180","Talladega-Sylacauga, AL",20947,4828,0.23,0.3
"831","45220","Tallahassee, FL",53379,23083,0.432,0.5
"832","45300","Tampa-St. Petersburg-Clearwater, FL",577666,270038,0.467,0.5
"833","45340","Taos, NM",7991,1648,0.206,0.3
"834","45380","Taylorville, IL",7419,1350,0.182,0.2
"835","45460","Terre Haute, IN",32712,3752,0.115,0.2
"836","45500","Texarkana, TX-AR",28934,5082,0.176,0.2
"837","45520","The Dalles, OR",5594,1294,0.231,0.3
"838","45540","The Villages, FL",56805,17149,0.302,0.4
"839","45580","Thomaston, GA",6116,2206,0.361,0.4
"840","45620","Thomasville, GA",9628,2785,0.289,0.3
"841","45660","Tiffin, OH",11160,2353,0.211,0.3
"842","45700","Tifton, GA",7033,2072,0.295,0.3
"843","45740","Toccoa, GA",6053,1351,0.223,0.3
"844","45780","Toledo, OH",106719,41019,0.384,0.4
"845","45820","Topeka, KS",46542,3878,0.083,0.1
"846","45860","Torrington, CT",37763,7317,0.194,0.2
"847","45900","Traverse City, MI",33657,10249,0.305,0.4
"848","45940","Trenton, NJ",61801,8998,0.146,0.2
"849","45980","Troy, AL",5899,1237,0.21,0.3
"850","46020","Truckee-Grass Valley, CA",25428,3860,0.152,0.2
"851","46060","Tucson, AZ",184233,84743,0.46,0.5
"852","46100","Tullahoma-Manchester, TN",22361,5014,0.224,0.3
"853","46140","Tulsa, OK",161956,45237,0.279,0.3
"854","46180","Tupelo, MS",27237,1669,0.061,0.1
"855","46220","Tuscaloosa, AL",41287,4434,0.107,0.2
"856","46300","Twin Falls, ID",17040,4920,0.289,0.3
"857","46340","Tyler, TX",39259,8266,0.211,0.3
"858","46380","Ukiah, CA",20180,1405,0.07,0.1
"859","46460","Union City, TN-KY",9042,1096,0.121,0.2
"860","46500","Urbana, OH",7448,3166,0.425,0.5
"861","46520","Urban Honolulu, HI",163770,78545,0.48,0.5
"862","46540","Utica-Rome, NY",63700,21109,0.331,0.4
"863","46620","Uvalde, TX",4994,1199,0.24,0.3
"864","46660","Valdosta, GA",20806,4519,0.217,0.3
"865","46700","Vallejo-Fairfield, CA",66316,29867,0.45,0.5
"866","46740","Valley, AL",8496,1369,0.161,0.2
"867","46780","Van Wert, OH",5944,1633,0.275,0.3
"868","46820","Vermillion, SD",1783,270,0.151,0.2
"869","46860","Vernal, UT",3611,907,0.251,0.3
"870","46900","Vernon, TX",2587,492,0.19,0.2
"871","46980","Vicksburg, MS",10585,1542,0.146,0.2
"872","47020","Victoria, TX",17133,3599,0.21,0.3
"873","47080","Vidalia, GA",6952,1678,0.241,0.3
"874","47180","Vincennes, IN",7608,583,0.077,0.1
"875","47220","Vineland-Bridgeton, NJ",26640,4035,0.151,0.2
"876","47240","Vineyard Haven, MA",3995,48,0.012,0.1
"877","47260","Virginia Beach-Norfolk-Newport News, VA-NC",259765,48030,0.185,0.2
"878","47300","Visalia-Porterville, CA",55859,6775,0.121,0.2
"879","47340","Wabash, IN",7581,2908,0.384,0.4
"880","47380","Waco, TX",41678,11301,0.271,0.3
"881","47420","Wahpeton, ND-MN",4252,1196,0.281,0.3
"882","47460","Walla Walla, WA",12566,1317,0.105,0.2
"883","47540","Wapakoneta, OH",8395,2111,0.251,0.3
"884","47580","Warner Robins, GA",28041,5096,0.182,0.2
"885","47620","Warren, PA",9745,1771,0.182,0.2
"886","47660","Warrensburg, MO",7274,1304,0.179,0.2
"887","47700","Warsaw, IN",13783,5356,0.389,0.4
"888","47780","Washington, IN",5272,424,0.08,0.1
"889","47820","Washington, NC",12278,1633,0.133,0.2
"890","47900","Washington-Arlington-Alexandria, DC-VA-MD-WV",724655,80351,0.111,0.2
"891","47920","Washington Court House, OH",5801,2444,0.421,0.5
"892","47940","Waterloo-Cedar Falls, IA",31039,3828,0.123,0.2
"893","47980","Watertown, SD",4998,1590,0.318,0.4
"894","48020","Watertown-Fort Atkinson, WI",14666,3848,0.262,0.3
"895","48060","Watertown-Fort Drum, NY",18526,4367,0.236,0.3
"896","48100","Wauchula, FL",3971,830,0.209,0.3
"897","48140","Wausau, WI",24188,10535,0.436,0.5
"898","48180","Waycross, GA",11502,2601,0.226,0.3
"899","48220","Weatherford, OK",4335,233,0.054,0.1
"900","48260","Weirton-Steubenville, WV-OH",29161,9347,0.321,0.4
"901","48300","Wenatchee, WA",21720,4092,0.188,0.2
"902","48460","West Plains, MO",9845,1904,0.193,0.2
"903","48540","Wheeling, WV-OH",32625,14363,0.44,0.5
"904","48580","Whitewater-Elkhorn, WI",17821,3292,0.185,0.2
"905","48620","Wichita, KS",101175,16988,0.168,0.2
"906","48660","Wichita Falls, TX",26339,3294,0.125,0.2
"907","48700","Williamsport, PA",24333,7665,0.315,0.4
"908","48780","Williston, ND",3361,13,0.004,0.1
"909","48820","Willmar, MN",8631,4788,0.555,0.6
"910","48900","Wilmington, NC",49047,7708,0.157,0.2
"911","48940","Wilmington, OH",7909,2802,0.354,0.4
"912","48980","Wilson, NC",17324,2423,0.14,0.2
"913","49020","Winchester, VA-WV",23805,2895,0.122,0.2
"914","49080","Winnemucca, NV",2282,75,0.033,0.1
"915","49100","Winona, MN",8533,3518,0.412,0.5
"916","49180","Winston-Salem, NC",121485,65418,0.538,0.6
"917","49220","Wisconsin Rapids-Marshfield, WI",15956,8002,0.502,0.6
"918","49260","Woodward, OK",3394,139,0.041,0.1
"919","49300","Wooster, OH",20903,8768,0.419,0.5
"920","49340","Worcester, MA-CT",159231,53933,0.339,0.4
"921","49380","Worthington, MN",3798,1120,0.295,0.3
"922","49420","Yakima, WA",38174,7418,0.194,0.2
"923","49460","Yankton, SD",4486,756,0.169,0.2
"924","49620","York-Hanover, PA",82074,27655,0.337,0.4
"925","49660","Youngstown-Warren-Boardman, OH-PA",127072,59554,0.469,0.5
"926","49700","Yuba City, CA",26759,955,0.036,0.1
"927","49740","Yuma, AZ",29471,6087,0.207,0.3
"928","49780","Zanesville, OH",18363,5466,0.298,0.3
"929","49820","Zapata, TX",1802,228,0.127,0.2
